rank,score,name,institution,openalex_url,orcid,homepage_url,h_index,cited_by_count,works_count,top_topics,matched_kws,missed_kws,paper1_title,paper1_year,paper1_journal,paper1_doi,paper1_abstract_snippet,paper2_title,paper2_year,paper2_journal,paper2_doi,paper2_abstract_snippet,paper3_title,paper3_year,paper3_journal,paper3_doi,paper3_abstract_snippet
1,3,Xianming Shi,Washington State University,https://openalex.org/A5051940729,https://orcid.org/0000-0003-3576-8952,,59,13370,375,Smart Materials for Construction; Concrete and Cement Materials Research; Concrete Corrosion and Durability,sustainability; robotics; digital twin,physics-informed; heat transfer; computational fluid dynamics; machine learning; predictive maintenance; thermal management; HVAC; RSM; alternative fuels; biofuels; spark ignition engine; engine emissions; surrogate model; multi-objective optimization; machine learning combustion; response surface methodology; data-driven optimization; renewable energy systems,Wave-PINN: a wavelet-based physics-informed neural network for continuous pavement roughness evaluation from vehicle dynamics,2026,Mechanical Systems and Signal Processing,https://doi.org/10.1016/j.ymssp.2026.114232,,Leveraging emerging technologies to address the crisis of aging concrete infrastructure,2025,Journal of Infrastructure Preservation and Resilience,https://doi.org/10.1186/s43065-025-00147-x,"Aging concrete infrastructure faces accelerating deterioration from deferred maintenance, environmental exposure, and climate change, creating urgent demand for cost-effective, durable solutions. This Commentary argues that meeting this challenge requires an integrated rehabilitation framework that ",Effects of sequential hydration on restrained shrinkage for cement-stabilized unsaturated soil under cycles of wetting–drying,2025,Journal of Infrastructure Preservation and Resilience,https://doi.org/10.1186/s43065-025-00151-1,"Although cementitious stabilization allows for beneficial use of in-situ marginal materials and industrial byproducts, its broader application is often limited by shrinkage cracking. Instead of one-time hydration (OH), this study proposes an innovative sequential hydration (SH) approach to mitigate "
2,3,Nima Khodadadi,University of Miami,https://openalex.org/A5042196931,https://orcid.org/0000-0002-8348-6530,,38,6237,169,Metaheuristic Optimization Algorithms Research; Advanced Multi-Objective Optimization Algorithms; Evolutionary Algorithms and Applications,physics-informed; predictive maintenance; digital twin,heat transfer; computational fluid dynamics; machine learning; sustainability; robotics; thermal management; HVAC; RSM; alternative fuels; biofuels; spark ignition engine; engine emissions; surrogate model; multi-objective optimization; machine learning combustion; response surface methodology; data-driven optimization; renewable energy systems,"Artificial Intelligence in Bridge Structural Health Monitoring: A Comprehensive Systematic Analysis of Methods, Models, and Applications",2026,Archives of Computational Methods in Engineering,https://doi.org/10.1007/s11831-026-10566-y,"This systematic review, using the PRISMA framework, provides a state-of-the-art synthesis of Artificial Intelligence (AI) in bridge Structural Health Monitoring (SHM), highlighting its transformative potential in redefining how structural integrity is assessed. From 99 selected studies, a clear para",An effective Bezier curve-based optimization (BCO) for large-scale numerical problems and 3D unmanned aerial vehicle path planning with efficient multiple threats evasion,2026,Advanced Engineering Informatics,https://doi.org/10.1016/j.aei.2026.104524,,Correction to: Towards Intelligent Agricultural Forecasting: Quantum Temporal Models for Potato Yield Prediction,2026,Potato Research,https://doi.org/10.1007/s11540-026-10025-y,
3,3,Derrick Mirindi,Morgan State University,https://openalex.org/A5072458446,https://orcid.org/0000-0001-7501-3357,,6,147,37,Concrete and Cement Materials Research; Innovative concrete reinforcement materials; Building materials and conservation,machine learning; surrogate model; response surface methodology,physics-informed; heat transfer; computational fluid dynamics; sustainability; predictive maintenance; robotics; thermal management; HVAC; RSM; alternative fuels; biofuels; spark ignition engine; engine emissions; multi-objective optimization; machine learning combustion; data-driven optimization; digital twin; renewable energy systems,Striving for carbon dioxide emission reduction in high-grade concrete using tyre rubber and brick powder,2025,Carbon Neutral Technologies,https://doi.org/10.1016/j.cnt.2025.100011,"The widespread applications of waste materials in concrete have been heading towards carbon dioxide (CO 2 ) emission reductions due to their brilliant performances. However, much works on CO 2 emissions of concrete are often based on lower concrete grades. In order to justify the influence of waste ",Artificial intelligence-driven physical and mechanical properties of acid-based adhesive for manufacturing particleboard,2025,Biomass Futures,https://doi.org/10.1016/j.bmf.2025.100003,"Under a global increase in demand for panels, there is a growing need to develop sustainable and environmentally friendly alternatives to conventional formaldehyde-based adhesives for particleboard manufacturing. This research presents a comprehensive evaluation of predicting the physical and mechan",A novel machine learning approach for predicting the compressive strength of high-strength concrete containing gum Arabic and corn cob ash,2025,Hybrid Advances,https://doi.org/10.1016/j.hybadv.2025.100579,"The complex concrete behaviour is based on several interrelated parameters such as age, curing conditions, pozzolanic materials, admixtures, and cement content. The concrete compressive strength established using concrete casting and curing is labour-intensive, time-consuming, and delays quality eva"
4,2,M.Z. Naser,Clemson University,https://openalex.org/A5047632598,https://orcid.org/0000-0003-1350-3654,,45,6688,239,Fire effects on concrete materials; Structural Behavior of Reinforced Concrete; Structural Response to Dynamic Loads,physics-informed; machine learning,heat transfer; computational fluid dynamics; sustainability; predictive maintenance; robotics; thermal management; HVAC; RSM; alternative fuels; biofuels; spark ignition engine; engine emissions; surrogate model; multi-objective optimization; machine learning combustion; response surface methodology; data-driven optimization; digital twin; renewable energy systems,Engineering and causality: A centenary response to Claudius,2025,TAO.,https://doi.org/10.1016/j.tao.2025.100022,"In July 1932, R. Howard Claudius published a notable meditation on the relationship between engineering practice and causal knowledge. His "" Causality from the Point of View of the Engineer "" insisted that engineering success depends on knowing how causes produce effects, not merely that they do. A ",Fundamental flaws of physics-informed neural networks and explainability methods in engineering systems,2025,Computers & Industrial Engineering,https://doi.org/10.1016/j.cie.2025.111704,• PINNs embed idealized equations that omit critical multiscale & boundary effects. • XAI methods create explanations based on correlations that violate physics laws. • Multiplicative error propagation creates false confidence in plausible predictions. • Three interconnected failure modes compromise,Epistemic virtues and ethics of explanation in machine learning,2025,AI and Ethics,https://doi.org/10.1007/s43681-025-00869-4,"Abstract Many machine learning (ML) systems operate as blackboxes and offer limited insight into their internal mechanisms. This opacity creates tension between two crucial objectives optimizing technical performance and fulfilling ethical obligations for transparency. As this tension intensifies, e"
5,2,Rui Xiao,University of Tennessee at Knoxville,https://openalex.org/A5017408803,https://orcid.org/0000-0003-1025-6651,,36,4365,105,Asphalt Pavement Performance Evaluation; Concrete and Cement Materials Research; Infrastructure Maintenance and Monitoring,physics-informed; machine learning,heat transfer; computational fluid dynamics; sustainability; predictive maintenance; robotics; thermal management; HVAC; RSM; alternative fuels; biofuels; spark ignition engine; engine emissions; surrogate model; multi-objective optimization; machine learning combustion; response surface methodology; data-driven optimization; digital twin; renewable energy systems,Using boron as a tracer reveals how surface precipitates inhibit silicate dissolution in hyperalkaline solutions during alkali–silica reaction,2025,Journal of the American Ceramic Society,https://doi.org/10.1111/jace.70340,"Abstract Silicate dissolution under hyperalkaline conditions is a key process that affects the evolution of alkali–silica reaction (ASR) in concrete. In these environments, dissolution may involve multiple overlapping processes—including ion adsorption on reactive sites, transport of dissolved speci",Machine learning-based prediction of carbonation depth in alkali-activated materials: Integrating physics knowledge and data augmentation,2025,Case Studies in Construction Materials,https://doi.org/10.1016/j.cscm.2025.e05311,"Carbonation remains a critical barrier to the widespread structural application of alkali-activated materials, and predictive models capable of capturing the complex, nonlinear relationships between carbonation depth and its governing factors are still limited. To address this gap, we developed five",Construction and application of controlled-release preservation pads based on Zein/sodium caseinate-stabilized oregano essential oil Pickering emulsions,2025,Food Hydrocolloids,https://doi.org/10.1016/j.foodhyd.2025.111925,
6,2,Soroush Mahjoubi,Massachusetts Institute of Technology,https://openalex.org/A5047174953,https://orcid.org/0000-0001-8879-5431,,19,971,44,Innovative concrete reinforcement materials; Concrete and Cement Materials Research; Concrete Corrosion and Durability,machine learning; sustainability,physics-informed; heat transfer; computational fluid dynamics; predictive maintenance; robotics; thermal management; HVAC; RSM; alternative fuels; biofuels; spark ignition engine; engine emissions; surrogate model; multi-objective optimization; machine learning combustion; response surface methodology; data-driven optimization; digital twin; renewable energy systems,Data-driven discovery of sustainable clinker replacements,2026,,https://doi.org/10.13140/rg.2.2.19774.86086,,"Explainable machine learning for predicting compressive strength of rubberized concrete: SHAP interpretation, lifecycle assessment, and design recommendations",2025,Journal of Cleaner Production,https://doi.org/10.1016/j.jclepro.2025.147338,"The study explores dataset preparation, machine learning (ML) model training, interpretation, and life cycle assessment (LCA) to predict and enhance the performance and sustainability of rubberized concrete. A large dataset comprising 1209 collected samples with nine input features was used to train","32 examples of LLM applications in materials science and chemistry: towards automation, assistants, agents, and accelerated scientific discovery",2025,Machine Learning Science and Technology,https://doi.org/10.1088/2632-2153/ae011a,"Large language models (LLMs) are reshaping many aspects of materials science and chemistry research, enabling advances in molecular property prediction, materials design, scientific automation, knowledge extraction, and more. Recent developments demonstrate that the latest class of models are able t"
7,2,Satish Paudel,"University of Nevada, Reno",https://openalex.org/A5011379453,https://orcid.org/0000-0002-1757-8525,,12,365,37,Seismic Performance and Analysis; Structural Behavior of Reinforced Concrete; Structural Load-Bearing Analysis,machine learning; surrogate model,physics-informed; heat transfer; computational fluid dynamics; sustainability; predictive maintenance; robotics; thermal management; HVAC; RSM; alternative fuels; biofuels; spark ignition engine; engine emissions; multi-objective optimization; machine learning combustion; response surface methodology; data-driven optimization; digital twin; renewable energy systems,Optimization of Truss Structures Using Nature-Inspired Algorithms with Frequency and Stress Constraints,2025,Computer Modeling in Engineering & Sciences,https://doi.org/10.32604/cmes.2025.069691,"Optimization is the key to obtaining efficient utilization of resources in structural design. Due to the complex nature of truss systems, this study presents a method based on metaheuristic modelling that minimises structural weight under stress and frequency constraints. Two new algorithms, the Red",Application of Hybrid Ensemble Machine Learning Model for Peak Ground Acceleration Prediction: Case Studies on Regional Earthquakes,2025,Earthquake Engineering and Resilience,https://doi.org/10.1002/eer2.70030,"ABSTRACT This study uses different nonlinear machine learning (ML) models and a hybrid ensemble surrogate model to predict peak ground acceleration (PGA), an important parameter in earthquake ground motion. Typically, models with established equations based on linear regression are utilized to creat",Uni‐Directional vs. Tri‐Directional Seismic Fragility Assessment of Low‐Rise RC Frames in High Seismic Regions,2025,Earthquake Engineering and Resilience,https://doi.org/10.1002/eer2.70024,"ABSTRACT An unpredictable and complicated phenomenon, earthquakes. When an earthquake strikes in nature, seismic instruments record it in three components, Viz. X, Y, and Z. Tri‐directional analysis thus depicts the seismic behavior of any structure during an earthquake occurrence most precisely and"
8,2,Fouad Ismail Ismail,University of Nebraska–Lincoln,https://openalex.org/A5064780913,https://orcid.org/0000-0001-9668-1143,,9,173,19,Innovative concrete reinforcement materials; Concrete and Cement Materials Research; Graphene research and applications,RSM; response surface methodology,physics-informed; heat transfer; computational fluid dynamics; machine learning; sustainability; predictive maintenance; robotics; thermal management; HVAC; alternative fuels; biofuels; spark ignition engine; engine emissions; surrogate model; multi-objective optimization; machine learning combustion; data-driven optimization; digital twin; renewable energy systems,"Optimized XGBoost-Based Framework for Robust Prediction of the Compressive Strength of Recycled Aggregate Concrete Incorporating Silica Fume, Slag, and Fly Ash",2025,Computer Modeling in Engineering & Sciences,https://doi.org/10.32604/cmes.2025.074069,Accurately predicting the compressive strength of recycled aggregate concrete (RAC) incorporating supplementary cementitious materials (SCMs) remains a critical challenge due to the heterogeneous nature of recycled aggregates (RA) and the complex interactions among multiple binder constituents. This,From robust deep-learning regression to refined design formulas for punching shear strength of internal GFRP-reinforced flat slab-column connections,2024,Engineering Structures,https://doi.org/10.1016/j.engstruct.2024.119534,,Combined effect of jute fiber and corn cob ash on sustainability assessment and mechanical properties of roller compacted concrete using RSM modelling,2024,Scientific Reports,https://doi.org/10.1038/s41598-024-81345-7,"The increasing demand for cement has substantially affected the environment, and its manufacturing requires substantial energy usage. However, most countries in the world recently encountered a significant energy problem. So, researchers are exploring the use of agricultural and industrial waste res"
9,1,Robert O. Ritchie,Lawrence Berkeley National Laboratory,https://openalex.org/A5034751387,https://orcid.org/0000-0002-0501-6998,,147,95067,1008,Fatigue and fracture mechanics; Advanced ceramic materials synthesis; Aluminum Alloys Composites Properties,machine learning,physics-informed; heat transfer; computational fluid dynamics; sustainability; predictive maintenance; robotics; thermal management; HVAC; RSM; alternative fuels; biofuels; spark ignition engine; engine emissions; surrogate model; multi-objective optimization; machine learning combustion; response surface methodology; data-driven optimization; digital twin; renewable energy systems,Extended Rice–Thomson analysis and atomistic simulations revealing grain boundary effects on fracture in refractory high-entropy alloys,2026,Proceedings of the National Academy of Sciences,https://doi.org/10.1073/pnas.2536219123,"Understanding how grain boundaries mediate fracture remains a critical challenge in designing ductile, high-performance refractory alloys. Here, we extend the Rice-Thomson criterion to account for the angle between cracks and the impinging grain boundaries (GBs), capturing the competition between in",Dependence of dislocation motion and electron density on anisotropic steady-state crack propagation along various orientations in a nickel-base single crystal superalloy at 530°C,2026,Journal of Material Science and Technology,https://doi.org/10.1016/j.jmst.2026.01.063,,A simple Rice-Ashby ductile–brittle transition temperature (DBTT) model based on dislocation mobility for body-centered cubic complex concentrated alloys,2026,Materials & Design,https://doi.org/10.1016/j.matdes.2026.115835,Schematic of the Ashby-Embury model for brittle and ductile fracture conditions in front of a crack tip. • A simple Rice-Ashby type model for ductile–brittle transition temperature (DBTT) of body-centered cubic ( bcc ) complex concentrated alloys is presented. Approximate condition for intrinsic duc
10,1,Zhanping You,Michigan Technological University,https://openalex.org/A5004627679,https://orcid.org/0000-0002-9103-6599,,82,23871,544,Asphalt Pavement Performance Evaluation; Infrastructure Maintenance and Monitoring; Geotechnical Engineering and Underground Structures,sustainability,physics-informed; heat transfer; computational fluid dynamics; machine learning; predictive maintenance; robotics; thermal management; HVAC; RSM; alternative fuels; biofuels; spark ignition engine; engine emissions; surrogate model; multi-objective optimization; machine learning combustion; response surface methodology; data-driven optimization; digital twin; renewable energy systems,Developing Global Warming Potential Criteria for Balanced Asphalt Mixes with Emerald Eco-Label EPDs,2025,Journal of Materials in Civil Engineering,https://doi.org/10.1061/jmcee7.mteng-21581,"This study integrates balanced mix design (BMD) thresholds with Environmental Product Declarations (EPDs) for asphalt mixtures at three nominal maximum aggregate sizes (NMAS): 9.5, 12.5, and 19 mm. The primary objective is to evaluate both performance and environmental sustainability by combining BM",Effect of Alkali Lignin on Adhesion and UV Aging Resistance of Recycled Asphalt Binder by Waste Engine Oil,2025,Journal of Materials in Civil Engineering,https://doi.org/10.1061/jmcee7.mteng-20723,"A substantial quantity of reclaimed asphalt pavement mixture (RAP) is generated during the regeneration of asphalt binder pavement. The old asphalt binder (OAS) in RAP can be effectively reused after regeneration processing, while the utilization of waste engine oil can restore certain physical prop",High-content crumb rubber modified asphalt mixture via wet process: Laboratory evaluation and field application,2025,Construction and Building Materials,https://doi.org/10.1016/j.conbuildmat.2025.143438,
11,1,Antonio Nanni,University of Miami,https://openalex.org/A5047875629,https://orcid.org/0000-0003-2678-9268,,74,23849,696,Structural Behavior of Reinforced Concrete; Concrete Corrosion and Durability; Innovative concrete reinforcement materials,machine learning,physics-informed; heat transfer; computational fluid dynamics; sustainability; predictive maintenance; robotics; thermal management; HVAC; RSM; alternative fuels; biofuels; spark ignition engine; engine emissions; surrogate model; multi-objective optimization; machine learning combustion; response surface methodology; data-driven optimization; digital twin; renewable energy systems,SHEAR PERFORMANCE OF RC MEMBERS STRENGTHENED WITH EXTERNALLY BONDED FRP WRAPS,2025,World Conference of Earthquake Engineering,https://doi.org/10.71846/12-wcee-1254,"SUMMARY This study presents the shear performance and the modes of failure of reinforced concrete (RC) beams strengthened with externally bonded carbon fiber reinforced polymer (CFRP) wraps. The experimental program consisted of testing twenty-seven, full-scale, RC beams. The variables investigated ",Explainable Machine Learning Framework with Experimental Validation for Strength Prediction of Magnesium Phosphate Cement,2025,International Journal of Concrete Structures and Materials,https://doi.org/10.1186/s40069-025-00856-3,"Abstract Magnesium Phosphate Cement (MPC) is recognized as an effective rapid repair material, with compressive strength serving as a key mechanical property indicator for its mortar formulations. Nevertheless, due to MPC's complex composition and formulation, predicting its compressive strength rem",Evaluation of the compactness of granular mixes for roller compacted concrete design using SPO-ANN,2025,Road Materials and Pavement Design,https://doi.org/10.1080/14680629.2025.2584558,
12,1,Yanfei Gao,University of Tennessee at Knoxville,https://openalex.org/A5000921224,https://orcid.org/0000-0003-2082-857X,,58,15008,296,Microstructure and mechanical properties; Metal and Thin Film Mechanics; Metallic Glasses and Amorphous Alloys,physics-informed,heat transfer; computational fluid dynamics; machine learning; sustainability; predictive maintenance; robotics; thermal management; HVAC; RSM; alternative fuels; biofuels; spark ignition engine; engine emissions; surrogate model; multi-objective optimization; machine learning combustion; response surface methodology; data-driven optimization; digital twin; renewable energy systems,"Cryogenic Performance and Modelling of Fibre- and Nano-Reinforced Composites: Failure Mechanisms, Toughening Strategies, and Constituent-Level Behaviour",2026,Journal of Composites Science,https://doi.org/10.3390/jcs10010036,"Composite materials are increasingly required to operate in cryogenic environments, including liquid hydrogen and oxygen storage, deep-space structures, and polar infrastructures, where long-term strength, toughness, and reliability are essential. This review provides a unique contribution by system",Probing the structural evolution and electronic properties of bismuth-doped medium-sized boron clusters,2025,The European Physical Journal Plus,https://doi.org/10.1140/epjp/s13360-025-07034-0,,Achieving superplasticity in a hard-to-deform precipitation strengthened Ni-based alloy by suppressing grain boundary brittleness,2025,Acta Materialia,https://doi.org/10.1016/j.actamat.2025.121760,
13,1,Hao Wang,"Rutgers, The State University of New Jersey",https://openalex.org/A5029278847,https://orcid.org/0000-0001-8666-6900,,60,13175,501,Asphalt Pavement Performance Evaluation; Infrastructure Maintenance and Monitoring; Geotechnical Engineering and Underground Structures,machine learning,physics-informed; heat transfer; computational fluid dynamics; sustainability; predictive maintenance; robotics; thermal management; HVAC; RSM; alternative fuels; biofuels; spark ignition engine; engine emissions; surrogate model; multi-objective optimization; machine learning combustion; response surface methodology; data-driven optimization; digital twin; renewable energy systems,Feeding Bottles With Different Venting Methods and Gastrointestinal Discomfort in Infants,2026,JAMA Network Open,https://doi.org/10.1001/jamanetworkopen.2026.3749,Chinese Clinical Trial Registry Identifier: ChiCTR2400090082.,Effect of Miniscrew Implant Anchorage in Orthodontic Orthognathic Treatment of Patients With Skeletal Class II Malocclusion,2025,Orthodontics and Craniofacial Research,https://doi.org/10.1111/ocr.70065,"The integration of miniscrew implant anchorage in orthodontic-orthognathic treatment for skeletal Class II malocclusion provides superior clinical efficacy. Its primary advantage lies in enabling enhanced control over dental decompensation and skeletal correction, leading to significantly improved f",Prediction of Nonlinear Moisture Profile in Pavement Unbound Layers Using a Machine Learning-Based Method,2025,Transportation Research Record Journal of the Transportation Research Board,https://doi.org/10.1177/03611981251380268,"Unbound base and subgrade provide fundamental support for conventional flexible pavements. The moisture profile within these layers directly affects their strength and thus the pavement performance. However, it is challenging to obtain reliable moisture profiles. This study aims to predict the moist"
14,1,Anurag Purwar,Stony Brook University,https://openalex.org/A5065218703,https://orcid.org/0000-0002-1755-470X,,52,12627,196,Robotic Mechanisms and Dynamics; High-Energy Particle Collisions Research; Particle physics theoretical and experimental studies,robotics,physics-informed; heat transfer; computational fluid dynamics; machine learning; sustainability; predictive maintenance; thermal management; HVAC; RSM; alternative fuels; biofuels; spark ignition engine; engine emissions; surrogate model; multi-objective optimization; machine learning combustion; response surface methodology; data-driven optimization; digital twin; renewable energy systems,"Kinematic Synthesis of Planar Leg Mechanisms Through Large-Scale Dataset Generation, Geometric Filtering, and Optimization",2026,Machines,https://doi.org/10.3390/machines14030253,"Walking is one of many basic human motor functions, yet replicating it in robotic systems remains a complex problem. Historically, the design of walking mechanisms has relied on human intuition and iterative refining. Some well-known mechanisms, like Theo Jansen, have been invented by artists rather","Design-Centric Robotics Learning: Deploying a Modular, Mechanism-Based Kit from Lab to K–12 and Postsecondary Education",2026,ASME Letters in Translational Robotics,https://doi.org/10.1115/1.4070994,"Abstract We present the design, development, and commercialization of a low-cost, design-driven educational robotics ecosystem product called SnappyXO that aims to make robotics education authentic, effective, and affordable, all the way from K–12 through post-secondary levels. We discuss the hardwa",Generative Design of Planar Four-Bar Motions,2025,Journal of Mechanisms and Robotics,https://doi.org/10.1115/1.4070416,Abstract This article introduces a novel deep generative approach to the approximate motion synthesis of planar four-bar mechanisms. Existing motion synthesis approaches for synthesizing four-bar mechanisms have generally focused on representing the motion as five or less discrete poses while not pr
15,1,Douglas L. Medlin,Sandia National Laboratories,https://openalex.org/A5034160985,https://orcid.org/0000-0002-4613-1335,,38,5987,326,Advanced Thermoelectric Materials and Devices; Microstructure and mechanical properties; Chalcogenide Semiconductor Thin Films,machine learning,physics-informed; heat transfer; computational fluid dynamics; sustainability; predictive maintenance; robotics; thermal management; HVAC; RSM; alternative fuels; biofuels; spark ignition engine; engine emissions; surrogate model; multi-objective optimization; machine learning combustion; response surface methodology; data-driven optimization; digital twin; renewable energy systems,A machine-learning approach to measure 3D sample properties from 2D Transmission Electron Microscopy images,2025,Measurement,https://doi.org/10.1016/j.measurement.2025.119554,"Transmission Electron Microscopy (TEM) is a powerful tool for the characterization of materials at the nanoscale; however, its inherent two-dimensional (2D) nature poses significant challenges to accurately measure three-dimensional (3D) properties. We introduce a supervised machine-learning model t",On the distribution of stacking faults at dissociated medium-angle grain boundaries: Crystallographic geometry and metastability,2025,Acta Materialia,https://doi.org/10.1016/j.actamat.2025.121421,"Grain boundaries in FCC metals with low stacking-fault energy can form in dissociated configurations of stacking faults. Perhaps the most studied example is 9R stacking at boundaries near Σ3{112}, where the distribution of stacking faults is related to the emission of Shockley partial dislocations. ","Defect Interactions ε-martensite, Stacking Fault, and Twin Interfaces in Hydrogen Precharged Austenitic Stainless Steel",2025,Microscopy and Microanalysis,https://doi.org/10.1093/mam/ozaf048.1167,
16,1,Simon Laflamme,Iowa State University,https://openalex.org/A5009338916,https://orcid.org/0000-0002-0601-9664,,43,5885,435,Structural Health Monitoring Techniques; Smart Materials for Construction; Advanced Sensor and Energy Harvesting Materials,machine learning,physics-informed; heat transfer; computational fluid dynamics; sustainability; predictive maintenance; robotics; thermal management; HVAC; RSM; alternative fuels; biofuels; spark ignition engine; engine emissions; surrogate model; multi-objective optimization; machine learning combustion; response surface methodology; data-driven optimization; digital twin; renewable energy systems,Roadmap: Integrating artificial intelligence in structural health monitoring systems,2026,Measurement Science and Technology,https://doi.org/10.1088/1361-6501/ae3abb,"Abstract Advances in computing and machine learning (ML) methods have led to a rapid rise in artificial intelligence (AI) research and applications in many fields. AI research benefitted from advances in computation hardware, collection and distribution of large data sets, and proliferation of softw",Effect of carbon fillers and printing path strategy on damage detection in 3D-printed smart concretes for structural health monitoring,2026,Procedia Structural Integrity,https://doi.org/10.1016/j.prostr.2025.12.240,"This paper investigates the influence of chopped carbon microfibers (CCMF) and 3D printing path strategy on the electrical conductivity and damage sensitivity of cement-based composites designed for structural health monitoring. The development of self-sensing, 3D-printed smart concretes is becoming",3D-Printed Smart Reinforced Beam for Strain Monitoring,2026,Procedia Structural Integrity,https://doi.org/10.1016/j.prostr.2025.12.224,"The automation of concrete constructions through 3D printing has garnered considerable attention in civil engineering due to significant advantages over conventional methods. Nevertheless, the widespread adoption of this technology faces substantial challenges stemming from inherent uncertainties as"
17,1,Jean‐Charles Stinville,University of Illinois Urbana-Champaign,https://openalex.org/A5058181785,https://orcid.org/0000-0001-5695-2383,,40,4752,118,High Temperature Alloys and Creep; Microstructure and mechanical properties; Fatigue and fracture mechanics,machine learning,physics-informed; heat transfer; computational fluid dynamics; sustainability; predictive maintenance; robotics; thermal management; HVAC; RSM; alternative fuels; biofuels; spark ignition engine; engine emissions; surrogate model; multi-objective optimization; machine learning combustion; response surface methodology; data-driven optimization; digital twin; renewable energy systems,Quantifying the impact of oxidation on the mechanical properties of Alloy 718 using local mechanical testing techniques,2025,Materials & Design,https://doi.org/10.1016/j.matdes.2025.114669,"Despite excellent oxidative properties of the Alloy 718 Ni-based superalloy, long-term exposure to oxidative environments in service creates a chemical gradient in the sub-surface affected by oxidation. Its characterization is key to assessing the evolving mechanical behavior of such affected materi",Learning metal microstructural heterogeneity through spatial mapping of diffraction latent space features,2025,npj Computational Materials,https://doi.org/10.1038/s41524-025-01770-8,"To leverage advancements in machine learning for metallic materials design and property prediction, it is crucial to develop a data-reduced representation of metal microstructures that surpasses the limitations of current physics-based discrete microstructure descriptors. This need is particularly r",Statistical analyses of plastic deformation events via computer vision: Case study of additive manufactured microstructures,2025,Materials Characterization,https://doi.org/10.1016/j.matchar.2025.115406,
18,1,Jamieson Brechtl,Oak Ridge National Laboratory,https://openalex.org/A5029615331,https://orcid.org/0000-0002-1739-4283,,28,3775,100,High Entropy Alloys Studies; High-Temperature Coating Behaviors; Metallic Glasses and Amorphous Alloys,thermal management,physics-informed; heat transfer; computational fluid dynamics; machine learning; sustainability; predictive maintenance; robotics; HVAC; RSM; alternative fuels; biofuels; spark ignition engine; engine emissions; surrogate model; multi-objective optimization; machine learning combustion; response surface methodology; data-driven optimization; digital twin; renewable energy systems,Emerging hierarchical dislocation structures: Insights from scanning electron microscopy-electron backscatter diffraction in situ tensile testing and multifractal analysis,2026,Acta Materialia,https://doi.org/10.1016/j.actamat.2026.122138,"Understanding the evolution of dislocation structures during plastic deformation is critical for predicting the mechanical performance of metallic materials. In this work, we applied in situ scanning electron microscopy/electron backscatter diffraction tensile testing combined with multifractal (MF)",Topological Control of Triply Periodic Minimal Surfaces for Thermal Design and Advanced Manufacturing: A Gyroid Case Study,2025,,https://doi.org/10.31224/5827,"Recently, there has been a heightened interest in using triply periodic minimal surfaces (TPMSs) in the design of compact process engineering components. The benefits of high surface area per unit volume, modular form, and inherent periodicity provide a holistic self-supporting network and flow-cond",Effect of Rare-Earth Ce Addition on Thermal Stability and Corrosion Resistance of Inconel 718 Superalloy,2025,Metals,https://doi.org/10.3390/met15101090,"Inconel 718, which is a high-performance superalloy, is known for its strength under elevated temperatures and corrosive conditions. However, boosting the durability of this alloy in challenging industrial environments is required. Accordingly, this study investigates the effect of rare-earth Cerium"
19,1,Hayder A. Rasheed,Kansas State University,https://openalex.org/A5052841045,https://orcid.org/0000-0002-2675-6485,,23,2783,160,Structural Behavior of Reinforced Concrete; Structural Load-Bearing Analysis; Concrete Corrosion and Durability,robotics,physics-informed; heat transfer; computational fluid dynamics; machine learning; sustainability; predictive maintenance; thermal management; HVAC; RSM; alternative fuels; biofuels; spark ignition engine; engine emissions; surrogate model; multi-objective optimization; machine learning combustion; response surface methodology; data-driven optimization; digital twin; renewable energy systems,Performance of strengthened lightweight concrete T beams anchored in flexure with CFRP fiber anchors,2025,Journal of Composite Materials,https://doi.org/10.1177/00219983251403103,"This paper evaluates for the first time the flexural response of sand-lightweight Perlite concrete using full-scale reinforced concrete T beams strengthened and anchored with carbon fiber reinforced polymer (CFRP) materials. Six specimens were prepared with the same geometry, steel reinforcements, a",Buckling and Postbuckling of Simply Supported Anisotropic Laminated Web Beams Characterized Using the Southwell Technique,2025,Journal of Engineering Mechanics,https://doi.org/10.1061/jenmdt.emeng-8280,This study investigates the lateral-torsional buckling behavior of ten glass fiber–reinforced plastic and carbon fiber–reinforced plastic thin-walled rectangular beams using numerical and experimental techniques with analytical verification. The beams were composed of various anisotropic laminated c,Balancing Innovation and Affordability in the Future of Cost-Effective Smart Surgical Instruments,2025,Physical Education Health and Social Sciences,https://doi.org/10.63163/jpehss.v3i2.329,"The safety, accuracy, and results of surgical procedures have been greatly enhanced by the incorporation of cutting-edge technology into surgical instruments, such as robotics, artificial intelligence, and wireless systems. However, because of their high cost, particularly in low- and middle-income "
20,1,Yanping Zhu,Montana Technological University,https://openalex.org/A5082153652,https://orcid.org/0009-0008-8865-4055,,23,2698,80,Innovative concrete reinforcement materials; Structural Behavior of Reinforced Concrete; Concrete Corrosion and Durability,machine learning,physics-informed; heat transfer; computational fluid dynamics; sustainability; predictive maintenance; robotics; thermal management; HVAC; RSM; alternative fuels; biofuels; spark ignition engine; engine emissions; surrogate model; multi-objective optimization; machine learning combustion; response surface methodology; data-driven optimization; digital twin; renewable energy systems,Effect of loading frequency and water content on the compressive fatigue performance of ECC,2025,Journal of Sustainable Cement-Based Materials,https://doi.org/10.1080/21650373.2025.2586647,,A generative adversarial network enhanced ensemble learning-based prediction model for moment improvement effect of UHPC strengthened damaged RC beams,2025,Case Studies in Construction Materials,https://doi.org/10.1016/j.cscm.2025.e05323,"Reinforced Concrete (RC) structures are often compromised by cracks and corrosion, necessitating effective retrofitting strategies to restore their structural integrity. Ultra-High-Performance Concrete (UHPC) has emerged as a promising material for strengthening damaged RC beams, significantly enhan",A joint sparse representation-based approach for anomaly rectification in extended-duration SHM systems with sensor networks,2025,Mechanical Systems and Signal Processing,https://doi.org/10.1016/j.ymssp.2025.112666,
21,1,Seunghee Kim,University of Nebraska–Lincoln,https://openalex.org/A5048294377,https://orcid.org/0000-0003-0386-3007,,26,2371,275,CO2 Sequestration and Geologic Interactions; Healthcare Education and Workforce Issues; Hydraulic Fracturing and Reservoir Analysis,sustainability,physics-informed; heat transfer; computational fluid dynamics; machine learning; predictive maintenance; robotics; thermal management; HVAC; RSM; alternative fuels; biofuels; spark ignition engine; engine emissions; surrogate model; multi-objective optimization; machine learning combustion; response surface methodology; data-driven optimization; digital twin; renewable energy systems,"Rare earth elements as tracers of anthropogenic sources and the influence of land-based aquaculture effluent on trace elements in coastal waters of Jeju Island, Korea",2026,Regional Studies in Marine Science,https://doi.org/10.1016/j.rsma.2026.104972,,Enhancing mechanical and durability properties of recycled concrete aggregates (RCA) through large-scale CO2 carbonation treatment,2025,Construction and Building Materials,https://doi.org/10.1016/j.conbuildmat.2025.144855,"This study investigates the mechanical and durability performance of recycled concrete aggregates (RCA) after large-scale carbonation treatment using carbon dioxide (CO 2 ). RCA obtained from a local producer in Nebraska, USA, was subjected to controlled carbonation in a 1-ton capacity carbonation c","Punching shear behavior of concrete slab-column connections reinforced with glass fiber-reinforced polymer (GFRP) bars with different design parameters: Experimental study, finite element simulation, and theoretical model",2025,Journal of Building Engineering,https://doi.org/10.1016/j.jobe.2025.114771,
22,1,Abigail Hunter,Los Alamos National Laboratory,https://openalex.org/A5034755532,https://orcid.org/0000-0002-0443-4020,,30,2344,164,Microstructure and mechanical properties; Aluminum Alloy Microstructure Properties; High Temperature Alloys and Creep,machine learning,physics-informed; heat transfer; computational fluid dynamics; sustainability; predictive maintenance; robotics; thermal management; HVAC; RSM; alternative fuels; biofuels; spark ignition engine; engine emissions; surrogate model; multi-objective optimization; machine learning combustion; response surface methodology; data-driven optimization; digital twin; renewable energy systems,Material Fracturing and Failure Simulation Datasets,2025,Scientific Data,https://doi.org/10.1038/s41597-025-06412-8,"Fracturing is a fundamental physics phenomena with broad relevance across multiple domains, ranging from infrastructure integrity, aerospace durability, reservoir production, and seismic events. We present a diverse dataset of simulated fracture evolution and material failure generated from two nume",Protein Self-Assembly States Modulate Lithium Carbonate Biomineralization: From Ion Chelation to Nucleation Sites,2025,Biomacromolecules,https://doi.org/10.1021/acs.biomac.5c01601,"Understanding protein-salt interactions is important for controlling crystallization, including biomineralization, biopharmaceutical purification, biocatalytic enzymes, and environmental biointerfaces. This study for the first time investigated interactions between three proteins (lysozyme, red fluo",Phase transformation kinetics model for metals,2025,International Journal of Plasticity,https://doi.org/10.1016/j.ijplas.2025.104579,
23,1,Rui He,Purdue University West Lafayette,https://openalex.org/A5036222212,https://orcid.org/0000-0001-5039-2952,,25,1938,116,Concrete and Cement Materials Research; Innovative concrete reinforcement materials; Concrete Corrosion and Durability,sustainability,physics-informed; heat transfer; computational fluid dynamics; machine learning; predictive maintenance; robotics; thermal management; HVAC; RSM; alternative fuels; biofuels; spark ignition engine; engine emissions; surrogate model; multi-objective optimization; machine learning combustion; response surface methodology; data-driven optimization; digital twin; renewable energy systems,Effect of dexmedetomidine on recovery of postoperative gastrointestinal function in patients with adhesive bowel obstruction: a single-center randomized clinical trial,2026,BMC Anesthesiology,https://doi.org/10.1186/s12871-026-03732-z,This study aimed to explore the effect of dexmedetomidine (Dex)-based anesthesia on postoperative gastrointestinal (GI) function in patients with acute adhesive bowel obstruction (ABO) who underwent enterectomy through the inhibition of intestinal inflammatory and oxidative responses. A total of 150,Development of intelligent road markings: A review and outlook,2026,Journal of Traffic and Transportation Engineering (English Edition),https://doi.org/10.1016/j.jtte.2024.05.006,"This study reviews and extends intelligent road marking systems (IRMS) by integrating advanced marking materials, sensing and detection, wireless transmission, and road-side energy provisioning to support real-time, interactive traffic information for vehicles and pedestrians. In response to emergin",Real-time concrete strength monitoring using piezoelectric sensors and deep learning,2025,Nature Communications,https://doi.org/10.1038/s41467-025-67168-8,"This study presents a transformative advancement in civil engineering by integrating artificial intelligence with infrastructure sensing to redefine concrete structures testing and monitoring. Traditional methods for evaluating concrete performance, largely unchanged for over a century, rely on labo"
24,1,Nishant Garg,University of Illinois Urbana-Champaign,https://openalex.org/A5073814953,https://orcid.org/0000-0001-9292-8364,,18,1443,85,Concrete and Cement Materials Research; Innovative concrete reinforcement materials; Nuclear materials and radiation effects,sustainability,physics-informed; heat transfer; computational fluid dynamics; machine learning; predictive maintenance; robotics; thermal management; HVAC; RSM; alternative fuels; biofuels; spark ignition engine; engine emissions; surrogate model; multi-objective optimization; machine learning combustion; response surface methodology; data-driven optimization; digital twin; renewable energy systems,OHSI – Onset Heat Size Index: A new parameter to predict rheology of cement-calcined clay blends,2025,Applied Clay Science,https://doi.org/10.1016/j.clay.2025.108044,"Calcined clays (CCs) are promising supplementary cementitious materials given their potential for improving concrete durability and sustainability. However, they often cause high water demand and associated workability challenges. In this study, the rotational rheology of 16 cement and largely kaoli",Predicting cementitious set times via infrared thermography (IRT): Potential implications on real-time quality control during 3D concrete printing,2025,Journal of Building Engineering,https://doi.org/10.1016/j.jobe.2025.114600,,Macro- and meso-scale experimental study of encapsulated rejuvenators for self-healing asphalt system,2025,Cleaner Materials,https://doi.org/10.1016/j.clema.2025.100356,"Self-healing asphalt concrete (AC) presents an opportunity to increase the sustainability of pavements by increasing their life cycle. The last decade of research has led to significant breakthroughs in the development and application of self-healing capsules for asphalt concrete. However, optimally"
25,1,Hee-Jeong Kim,University of Arizona,https://openalex.org/A5100619153,https://orcid.org/0000-0001-5720-1370,,16,1432,63,Concrete and Cement Materials Research; Recycling and utilization of industrial and municipal waste in materials production; Innovations in Concrete and Construction Materials,sustainability,physics-informed; heat transfer; computational fluid dynamics; machine learning; predictive maintenance; robotics; thermal management; HVAC; RSM; alternative fuels; biofuels; spark ignition engine; engine emissions; surrogate model; multi-objective optimization; machine learning combustion; response surface methodology; data-driven optimization; digital twin; renewable energy systems,New insights into phase transformation and reactivity of gold mine tailings through integrated Raman spectroscopy and quantitative XRD analysis,2026,Journal of Building Engineering,https://doi.org/10.1016/j.jobe.2026.115561,,Multi-objective adaptive experimental approach for optimizing 3D concrete printing mixtures and parameters incorporating construction and demolition waste for sustainable construction,2025,Discover Concrete and Cement,https://doi.org/10.1007/s44416-025-00033-5,"3D concrete printing (3DCP) is emerging as a transformative technology in the construction industry with a potential for lower manufacturing costs, enhanced design flexibility, and greater efficiency. Integrating construction and demolition waste (CDW) into 3DCP mixtures offers sustainability benefi",Reducing misclassification of medical waste: nudging stakeholders to reduce waste misclassification in a novel simulated operating room built environment,2025,Perioperative Medicine,https://doi.org/10.1186/s13741-025-00623-8,Participants had significant improvement in OR waste classification accuracy after the implementation of educational signage and a novel adapted bin system. These strategies can be employed to increase waste sorting accuracy in the OR or be used as an educational tool during trainings to improve sta
26,1,Dongzhao Jin,Michigan Technological University,https://openalex.org/A5101827749,https://orcid.org/0000-0003-0153-5501,,22,1308,74,Asphalt Pavement Performance Evaluation; Infrastructure Maintenance and Monitoring; Innovative concrete reinforcement materials,sustainability,physics-informed; heat transfer; computational fluid dynamics; machine learning; predictive maintenance; robotics; thermal management; HVAC; RSM; alternative fuels; biofuels; spark ignition engine; engine emissions; surrogate model; multi-objective optimization; machine learning combustion; response surface methodology; data-driven optimization; digital twin; renewable energy systems,The utilization of waste cheese whey for retardation in alkali activated slag-based materials: Retarding performance and molecular hydration mechanism,2026,Powder Technology,https://doi.org/10.1016/j.powtec.2026.122161,,Hydration control and performance enhancement of cementitious materials with a sustainable retarder derived from waste cheese whey,2026,Construction and Building Materials,https://doi.org/10.1016/j.conbuildmat.2026.145215,,Developing Global Warming Potential Criteria for Balanced Asphalt Mixes with Emerald Eco-Label EPDs,2025,Journal of Materials in Civil Engineering,https://doi.org/10.1061/jmcee7.mteng-21581,"This study integrates balanced mix design (BMD) thresholds with Environmental Product Declarations (EPDs) for asphalt mixtures at three nominal maximum aggregate sizes (NMAS): 9.5, 12.5, and 19 mm. The primary objective is to evaluate both performance and environmental sustainability by combining BM"
27,1,Majid Khan,Southern Illinois University Edwardsville,https://openalex.org/A5082053893,https://orcid.org/0000-0001-6629-4257,,19,1204,44,Innovative concrete reinforcement materials; Innovations in Concrete and Construction Materials; Concrete and Cement Materials Research,machine learning,physics-informed; heat transfer; computational fluid dynamics; sustainability; predictive maintenance; robotics; thermal management; HVAC; RSM; alternative fuels; biofuels; spark ignition engine; engine emissions; surrogate model; multi-objective optimization; machine learning combustion; response surface methodology; data-driven optimization; digital twin; renewable energy systems,Interpretable machine learning models for predicting penetration depth in ultra‐high‐performance concrete under ballistic impact,2026,Structural Concrete,https://doi.org/10.1002/suco.70462,"Abstract The process of rigid projectiles penetrating concrete is governed by a range of factors, such as the material strength of the concrete and the properties of the projectile. This study focuses on developing precise models to predict penetration depth (PD) in ultra‐high‐performance concrete (",An Interpretable Machine Learning Approach for Predicting the End-Bearing Capacity of Rock-Socketed Piles,2025,Transportation Infrastructure Geotechnology,https://doi.org/10.1007/s40515-025-00751-0,,Interpretable Data-Driven Modeling of Bridge Pier Scour Using Gene Expression Programming and Physics-Informed Neural Networks,2025,Transportation Infrastructure Geotechnology,https://doi.org/10.1007/s40515-025-00740-3,
28,1,Mehdi Shokouhian,Morgan State University,https://openalex.org/A5015415828,https://orcid.org/0000-0001-9823-0661,,17,1073,63,Structural Behavior of Reinforced Concrete; Structural Load-Bearing Analysis; Innovative concrete reinforcement materials,machine learning,physics-informed; heat transfer; computational fluid dynamics; sustainability; predictive maintenance; robotics; thermal management; HVAC; RSM; alternative fuels; biofuels; spark ignition engine; engine emissions; surrogate model; multi-objective optimization; machine learning combustion; response surface methodology; data-driven optimization; digital twin; renewable energy systems,Synergistic crack sealing and water transport reduction in bioengineered concrete using a multi-strain bacterial consortium immobilized in LECA,2026,Structures,https://doi.org/10.1016/j.istruc.2026.111453,,Uncovering Symmetric and Asymmetric Deterioration Patterns in Maryland’s Steel Bridges Through Time-Series Clustering and Principal Component Analysis,2025,Symmetry,https://doi.org/10.3390/sym17122074,"This study analyzes long-term deterioration patterns in 1378 Maryland steel bridges using annual Bridge Health Index (BHI) records from 1995–2021. Missing observations were addressed through linear interpolation combined with forward/backward filling, after which feature-wise z-score standardization",A Review of Pavement Performance Deterioration Modeling: Influencing Factors and Techniques,2025,Symmetry,https://doi.org/10.3390/sym17111992,"Accurate modeling of pavement performance is vital to maintaining safe, reliable, and sustainable transportation infrastructure. This review synthesizes current approaches to pavement deterioration modeling, with emphasis on key influencing factors, performance indicators, and methodologies employed"
29,1,Celal Çakıroğlu,Eastern Michigan University,https://openalex.org/A5029449523,https://orcid.org/0000-0001-7329-1230,,20,1060,78,Innovative concrete reinforcement materials; Infrastructure Maintenance and Monitoring; Structural Behavior of Reinforced Concrete,machine learning,physics-informed; heat transfer; computational fluid dynamics; sustainability; predictive maintenance; robotics; thermal management; HVAC; RSM; alternative fuels; biofuels; spark ignition engine; engine emissions; surrogate model; multi-objective optimization; machine learning combustion; response surface methodology; data-driven optimization; digital twin; renewable energy systems,Interpretable Machine Learning for Compressive Strength Prediction of Fly Ash-Based Geopolymer Concrete,2026,Sustainability,https://doi.org/10.3390/su18052227,"Fly ash-based geopolymer concrete (GPC) is a sustainable alternative to conventional cementitious materials; however, its compressive strength is governed by complex and highly correlated mixture parameters, making experimental optimization expensive and data-driven modeling challenging. While machi",Data-driven modelling of unloading hours using explainable gradient boosting models,2026,Advanced Engineering Informatics,https://doi.org/10.1016/j.aei.2026.104353,,Predicting the total heating and cooling energy consumption with ultra high-performance fiber reinforced concrete facade panels using explainable machine learning models,2025,Energy Reports,https://doi.org/10.1016/j.egyr.2025.10.006,"As energy demand rises, energy-efficient buildings are crucial. This study analyzes a dataset of 27,259 points with 40 input values and 1 output value (sum of heating load and cooling load) using machine learning to predict the total heating and cooling load analysis of buildings utilizing ultra-hig"
30,1,Ali Özer,University of Illinois Urbana-Champaign,https://openalex.org/A5068449758,https://orcid.org/0000-0002-4207-8207,,19,927,66,Advanced ceramic materials synthesis; Concrete and Cement Materials Research; Innovative concrete reinforcement materials,sustainability,physics-informed; heat transfer; computational fluid dynamics; machine learning; predictive maintenance; robotics; thermal management; HVAC; RSM; alternative fuels; biofuels; spark ignition engine; engine emissions; surrogate model; multi-objective optimization; machine learning combustion; response surface methodology; data-driven optimization; digital twin; renewable energy systems,Strength and thermal stability of enhanced metakaolin‐based geopolymer composites with sand and fibers,2025,International Journal of Applied Ceramic Technology,https://doi.org/10.1111/ijac.70040,"Abstract The growing demand for sustainable materials in construction and ceramics has driven interest in geopolymer technology as an eco‐friendly alternative to traditional cement‐based systems. Geopolymers, synthesized from aluminosilicate precursors like metakaolin, offer high mechanical performa",Vibration analysis of sandwich beams with non-uniform cross-section made of FGP core and FGM faces resting on Winkler elastic foundation,2025,Mechanics Based Design of Structures and Machines,https://doi.org/10.1080/15397734.2025.2522982,,The effect of cupola furnace iron slag on the physical and mechanical properties of alkali-activated fly ash-based mortars,2025,Journal of the Australian Ceramic Society,https://doi.org/10.1007/s41779-025-01213-z,"Abstract This study investigates the physical and mechanical properties of alkali-activated mortars, in which thermal power plant fly ash (FA) was partially replaced by cupola furnace iron slag (IS). An optimal mix design determined through preliminary tests consisted of an aggregate-to-binder ratio"
31,1,Ayman El‐Zohairy,East Texas A&M University,https://openalex.org/A5110816916,https://orcid.org/0000-0003-2710-0880,,19,902,87,Structural Behavior of Reinforced Concrete; Structural Load-Bearing Analysis; Innovative concrete reinforcement materials,sustainability,physics-informed; heat transfer; computational fluid dynamics; machine learning; predictive maintenance; robotics; thermal management; HVAC; RSM; alternative fuels; biofuels; spark ignition engine; engine emissions; surrogate model; multi-objective optimization; machine learning combustion; response surface methodology; data-driven optimization; digital twin; renewable energy systems,Enhancing shear capacity and ductility of masonry infill walls with openings through steel-based strengthening techniques,2025,Structures,https://doi.org/10.1016/j.istruc.2025.110738,,Finite Element and Parametric Study on the Shear Capacity of FRP and Stainless-Steel Bolted Connectors in GFRP–Concrete Composite Beams,2025,Journal of Composites Science,https://doi.org/10.3390/jcs9110622,"Fiber-reinforced polymer (FRP) composites, particularly glass fiber-reinforced polymer (GFRP), are increasingly utilized in civil engineering due to their high strength-to-weight ratio, corrosion resistance, and environmental sustainability compared to steel. Shear connectors in FRP–concrete hybrid ","Investigation of the structural performance of reinforced concrete long slender columns strengthened with stainless steel, galvanized steel, and aluminum sheets",2025,Structures,https://doi.org/10.1016/j.istruc.2025.110210,
32,1,Zhipeng Li,Washington State University,https://openalex.org/A5000801054,https://orcid.org/0000-0003-3256-9173,,15,819,55,Concrete and Cement Materials Research; Innovative concrete reinforcement materials; Recycling and utilization of industrial and municipal waste in materials production,heat transfer,physics-informed; computational fluid dynamics; machine learning; sustainability; predictive maintenance; robotics; thermal management; HVAC; RSM; alternative fuels; biofuels; spark ignition engine; engine emissions; surrogate model; multi-objective optimization; machine learning combustion; response surface methodology; data-driven optimization; digital twin; renewable energy systems,Breakthrough grouting diffusion mechanism of quick setting grout in high temperature fissured rock mass,2025,Chinese Journal of Rock Mechanics and Engineering,https://doi.org/10.3724/1000-6915.jrme.2025.0341,"The diffusion of quick-setting grout in high-temperature fissured rock mass involves the process of grout filling rock fissures, accompanied by the fluid-solid phase transition of the grout and heat transfer between the grout and the surrounding rock. Based on this understanding, a breakthrough diff","Enhanced Peroxydisulfate Activation by Co-Doping of Nitrogen, Chlorine, and Iron: Preparation, Synergistic Effects, and Application",2025,Catalysts,https://doi.org/10.3390/catal15090880,"The continuous increase in solid waste poses a significant environmental challenge. Pyrolysis represents a crucial technology for the valorization of solid waste. As the primary product, biochar has found applications in numerous fields and garnered significant scientific interest. This study invest",Ultrafine rice husk ash in alkali-activated slag systems: Synergistic modulation of Si/Ca and Si/Al ratios to improve mechanical performance and dimensional stability,2025,Construction and Building Materials,https://doi.org/10.1016/j.conbuildmat.2025.142969,
33,1,Matthew J. Bandelt,New Jersey Institute of Technology,https://openalex.org/A5018112978,,,15,815,44,Innovative concrete reinforcement materials; Structural Behavior of Reinforced Concrete; Concrete and Cement Materials Research,sustainability,physics-informed; heat transfer; computational fluid dynamics; machine learning; predictive maintenance; robotics; thermal management; HVAC; RSM; alternative fuels; biofuels; spark ignition engine; engine emissions; surrogate model; multi-objective optimization; machine learning combustion; response surface methodology; data-driven optimization; digital twin; renewable energy systems,Reducing global warming potential of concrete using particle packing theory and aggregate optimization,2026,Journal of Building Engineering,https://doi.org/10.1016/j.jobe.2026.115860,,Impact of Freeze–Thaw Cycling on the Mechanical and Durability Properties of Rapid Repair-Based Overlay Systems,2025,Construction Materials,https://doi.org/10.3390/constrmater5010003,Rapid repair materials (RRMs) have been used in concrete overlay systems to rehabilitate infrastructure for many years. The bond performance between RRMs and a concrete substrate is crucial for maintaining the desired performance and can deteriorate due to freeze–thaw action. In the case of partial ,Development of a Model Middle School Engineering Club,2025,,https://doi.org/10.18260/1-2-1153-50100,"This paper provides a description of a service learning program developed in 2009 that focuses on creating engineering clubs for elementary school students.Villanova Community Action by New Engineers, NovaCANE, was established with the initial membership limited to graduate students and upperclassme"
34,1,Ruy A. Sá Ribeiro,University of Illinois Urbana-Champaign,https://openalex.org/A5019451654,https://orcid.org/0000-0002-6705-886X,,11,636,22,Innovative concrete reinforcement materials; Concrete and Cement Materials Research; Natural Fiber Reinforced Composites,sustainability,physics-informed; heat transfer; computational fluid dynamics; machine learning; predictive maintenance; robotics; thermal management; HVAC; RSM; alternative fuels; biofuels; spark ignition engine; engine emissions; surrogate model; multi-objective optimization; machine learning combustion; response surface methodology; data-driven optimization; digital twin; renewable energy systems,Strength and thermal stability of enhanced metakaolin‐based geopolymer composites with sand and fibers,2025,International Journal of Applied Ceramic Technology,https://doi.org/10.1111/ijac.70040,"Abstract The growing demand for sustainable materials in construction and ceramics has driven interest in geopolymer technology as an eco‐friendly alternative to traditional cement‐based systems. Geopolymers, synthesized from aluminosilicate precursors like metakaolin, offer high mechanical performa",Metakaolin-based geopolymer matrix formulations for higher strength and thermal stability,2025,Materials and Structures,https://doi.org/10.1617/s11527-025-02670-5,"Abstract The need for sustainable and high-performance construction materials has led to the development of novel geopolymer matrices. This project aims to create an optimized, highly reactive, metakaolin-based geopolymer matrix for sustainable construction materials. The study involved mixing and o",Metakaolin‐based geopolymer mineral particulate composite design for higher strength and thermal stability,2025,International Journal of Applied Ceramic Technology,https://doi.org/10.1111/ijac.15155,"Abstract This research targets to produce new composites from a highly reactive metakaolin‐based geopolymer matrix reinforced with natural particles for use in sustainable ceramics, building and construction. Commercial waterglass and added mineral particles were optimized for geopolymer composites "
35,1,Marilene G. Sá Ribeiro,University of Illinois Urbana-Champaign,https://openalex.org/A5009833505,https://orcid.org/0000-0001-7422-1357,,9,505,21,Innovative concrete reinforcement materials; Concrete and Cement Materials Research; Natural Fiber Reinforced Composites,sustainability,physics-informed; heat transfer; computational fluid dynamics; machine learning; predictive maintenance; robotics; thermal management; HVAC; RSM; alternative fuels; biofuels; spark ignition engine; engine emissions; surrogate model; multi-objective optimization; machine learning combustion; response surface methodology; data-driven optimization; digital twin; renewable energy systems,Strength and thermal stability of enhanced metakaolin‐based geopolymer composites with sand and fibers,2025,International Journal of Applied Ceramic Technology,https://doi.org/10.1111/ijac.70040,"Abstract The growing demand for sustainable materials in construction and ceramics has driven interest in geopolymer technology as an eco‐friendly alternative to traditional cement‐based systems. Geopolymers, synthesized from aluminosilicate precursors like metakaolin, offer high mechanical performa",Metakaolin-based geopolymer matrix formulations for higher strength and thermal stability,2025,Materials and Structures,https://doi.org/10.1617/s11527-025-02670-5,"Abstract The need for sustainable and high-performance construction materials has led to the development of novel geopolymer matrices. This project aims to create an optimized, highly reactive, metakaolin-based geopolymer matrix for sustainable construction materials. The study involved mixing and o",Metakaolin‐based geopolymer mineral particulate composite design for higher strength and thermal stability,2025,International Journal of Applied Ceramic Technology,https://doi.org/10.1111/ijac.15155,"Abstract This research targets to produce new composites from a highly reactive metakaolin‐based geopolymer matrix reinforced with natural particles for use in sustainable ceramics, building and construction. Commercial waterglass and added mineral particles were optimized for geopolymer composites "
36,1,Federico Aguayo,University of Washington,https://openalex.org/A5086237596,https://orcid.org/0000-0001-8153-3121,,7,393,31,Concrete and Cement Materials Research; Innovative concrete reinforcement materials; Concrete Properties and Behavior,sustainability,physics-informed; heat transfer; computational fluid dynamics; machine learning; predictive maintenance; robotics; thermal management; HVAC; RSM; alternative fuels; biofuels; spark ignition engine; engine emissions; surrogate model; multi-objective optimization; machine learning combustion; response surface methodology; data-driven optimization; digital twin; renewable energy systems,Corrosion due to Chloride-Ion Ingress in Concrete Produced with Alternative Cementitious Materials,2025,Journal of Materials in Civil Engineering,https://doi.org/10.1061/jmcee7.mteng-20053,"Corrosion performance was assessed on ten concrete mixtures produced with various combinations of portland cement (OPC) and either calcium aluminate (CAC) or calcium sulfoaluminate (CSA) cement. Several reinforced beams were cast and preconditioned with an induced crack, precarbonated, or left untre",A Comparative Evaluation of Polymer-Modified Rapid-Set Calcium Sulfoaluminate Concrete: Bridging the Gap Between Laboratory Shrinkage and the Field Strain Performance,2025,Buildings,https://doi.org/10.3390/buildings15152759,"Rapid pavement repair demands materials that combine accelerated strength gains, dimensional stability, long-term durability, and sustainability. However, finding materials or formulations that offer these balances remains a critical challenge. This study systematically evaluates two polymer-modifie",Effectiveness of Rapid-Set CSA Concrete Mixes for Sustainable Pavement Repair,2025,CIB Conferences,https://doi.org/10.7771/3067-4883.1917,"Rapid and sustainable pavement repairs are critical to minimizing road closure times, reducing environmental impacts, and ensuring infrastructure longevity. This study evaluates the effectiveness of rapid-set calcium sulfoaluminate (CSA) concrete mixes compared to traditional concretes (Type III and"
37,1,Vishal G. Salunkhe,Catholic Charities,https://openalex.org/A5070023489,https://orcid.org/0000-0001-5877-5835,,11,348,41,Gear and Bearing Dynamics Analysis; Machine Fault Diagnosis Techniques; Advanced machining processes and optimization,machine learning,physics-informed; heat transfer; computational fluid dynamics; sustainability; predictive maintenance; robotics; thermal management; HVAC; RSM; alternative fuels; biofuels; spark ignition engine; engine emissions; surrogate model; multi-objective optimization; machine learning combustion; response surface methodology; data-driven optimization; digital twin; renewable energy systems,"Influence of fluid induced tangential forces, nonlinear stiffness, and internal damping on the vibration response of a Jeffcott Rotor System",2026,Noise & Vibration Worldwide,https://doi.org/10.1177/09574565261419567,"This study investigates horizontal and vertical oscillations of a horizontally supported Jeffcott Rotor System (JRS), emphasizing the impact of key dynamic parameters. These include the eccentricity ratio, fluid induced tangential forces, nonlinear restoring forces due to large shaft deformations, a",Empirical Feature-Based Fault Diagnosis of Rolling Bearings With Coupled Defects Using Improved OAA-MCSVM,2026,Journal of Nondestructive Evaluation Diagnostics and Prognostics of Engineering Systems,https://doi.org/10.1115/1.4070945,Abstract Accurate diagnosis of outer race defects and their interaction with secondary faults remain a critical challenge in bearing condition monitoring. This study presents a physics-based diagnostic approach that integrates extended Hamilton's principle (EHP) with an improved one-against-all mult,Effect of Copper Chill and Al5Ti1B Grain Refiner on Mechanical Characteristics of LM6 alloy Casting,2026,Zenodo (CERN European Organization for Nuclear Research),https://doi.org/10.5281/zenodo.18154500,"Aluminum-silicon alloys, particularly LM6, are widely used in the automobile industry due to their excellent casting and machining properties. The mechanical behavior of LM6 largely depends on solidification and casting conditions. This study examines the influence of copper chill thickness and Al5T"
38,1,Devon M. Samuel,University of Illinois Urbana-Champaign,https://openalex.org/A5086671922,https://orcid.org/0000-0002-6169-3328,,9,280,19,Concrete and Cement Materials Research; Innovative concrete reinforcement materials; Recycling and utilization of industrial and municipal waste in materials production,sustainability,physics-informed; heat transfer; computational fluid dynamics; machine learning; predictive maintenance; robotics; thermal management; HVAC; RSM; alternative fuels; biofuels; spark ignition engine; engine emissions; surrogate model; multi-objective optimization; machine learning combustion; response surface methodology; data-driven optimization; digital twin; renewable energy systems,Strength and thermal stability of enhanced metakaolin‐based geopolymer composites with sand and fibers,2025,International Journal of Applied Ceramic Technology,https://doi.org/10.1111/ijac.70040,"Abstract The growing demand for sustainable materials in construction and ceramics has driven interest in geopolymer technology as an eco‐friendly alternative to traditional cement‐based systems. Geopolymers, synthesized from aluminosilicate precursors like metakaolin, offer high mechanical performa",Metakaolin-based geopolymer matrix formulations for higher strength and thermal stability,2025,Materials and Structures,https://doi.org/10.1617/s11527-025-02670-5,"Abstract The need for sustainable and high-performance construction materials has led to the development of novel geopolymer matrices. This project aims to create an optimized, highly reactive, metakaolin-based geopolymer matrix for sustainable construction materials. The study involved mixing and o",Metakaolin‐based geopolymer mineral particulate composite design for higher strength and thermal stability,2025,International Journal of Applied Ceramic Technology,https://doi.org/10.1111/ijac.15155,"Abstract This research targets to produce new composites from a highly reactive metakaolin‐based geopolymer matrix reinforced with natural particles for use in sustainable ceramics, building and construction. Commercial waterglass and added mineral particles were optimized for geopolymer composites "
39,1,Srinivas Allena,Cleveland State University,https://openalex.org/A5000756435,https://orcid.org/0000-0003-0965-3684,,8,196,29,Concrete and Cement Materials Research; Innovative concrete reinforcement materials; Innovations in Concrete and Construction Materials,sustainability,physics-informed; heat transfer; computational fluid dynamics; machine learning; predictive maintenance; robotics; thermal management; HVAC; RSM; alternative fuels; biofuels; spark ignition engine; engine emissions; surrogate model; multi-objective optimization; machine learning combustion; response surface methodology; data-driven optimization; digital twin; renewable energy systems,"Mechanical, Durability, and Environmental Performance of Limestone Powder-Modified Ultra-High-Performance Concrete",2025,Construction Materials,https://doi.org/10.3390/constrmater5040090,Ultra-high-performance concrete (UHPC) delivers outstanding durability and strength but typically relies on high Portland cement content. This study evaluates a 20% cement replacement with limestone powder (LP) in UHPC and benchmarks performance under two curing regimes: moist curing (MC) and warm b,Investigating the Effects of Partial Fly Ash Replacement with Limestone Powder in Concrete,2025,Advances in Civil Engineering Materials,https://doi.org/10.1520/acem20240044,"ABSTRACT Fly ash has traditionally served as a supplementary cementitious material in the production of concrete, enhancing its mechanical and durability properties through pozzolanic activity. However, with the ongoing decommissioning of coal-fired power plants due to environmental concerns and the",Revolutionizing ultra-high performance concrete: Unleashing metakaolin and diatomaceous earth as sustainable fly ash alternatives,2025,Construction and Building Materials,https://doi.org/10.1016/j.conbuildmat.2024.139822,
40,1,Yanping Zhu,Missouri University of Science and Technology,https://openalex.org/A5103012384,https://orcid.org/0000-0001-5520-659X,,6,114,8,Structural Behavior of Reinforced Concrete; Innovative concrete reinforcement materials; Concrete Corrosion and Durability,RSM,physics-informed; heat transfer; computational fluid dynamics; machine learning; sustainability; predictive maintenance; robotics; thermal management; HVAC; alternative fuels; biofuels; spark ignition engine; engine emissions; surrogate model; multi-objective optimization; machine learning combustion; response surface methodology; data-driven optimization; digital twin; renewable energy systems,Explainable machine learning for predicting flexural capacity of reinforced UHPC beams,2025,Engineering Structures,https://doi.org/10.1016/j.engstruct.2025.121188,,Data-Driven Shear Capacity Prediction of Studs Embedded in UHPC for Steel–UHPC Composite Structures,2025,Journal of Structural Engineering,https://doi.org/10.1061/jsendh.steng-13818,"This study employs ensemble learning algorithms to accurately predict the shear capacity of studs embedded in ultrahigh performance concrete (UHPC), a critical aspect of structural engineering. Using a comprehensive data set featuring six UHPC slab features, seven stud features, and one shear pocket",Explainable AI based slip prediction of steel-UHPC interface connected by shear studs,2024,Expert Systems with Applications,https://doi.org/10.1016/j.eswa.2024.125293,
41,1,Gorkem Gengor,University of Illinois Urbana-Champaign,https://openalex.org/A5000882080,https://orcid.org/0000-0002-5267-4432,,5,99,9,Advanced ceramic materials synthesis; Microstructure and mechanical properties; Metal and Thin Film Mechanics,machine learning,physics-informed; heat transfer; computational fluid dynamics; sustainability; predictive maintenance; robotics; thermal management; HVAC; RSM; alternative fuels; biofuels; spark ignition engine; engine emissions; surrogate model; multi-objective optimization; machine learning combustion; response surface methodology; data-driven optimization; digital twin; renewable energy systems,Atomistics informed continuum strain field of dislocations,2025,Physical Review Materials,https://doi.org/10.1103/nspp-zy5m,We formulate a novel methodology called the regularized Green's function method for dislocations (RGFMD) for determining the continuum elastic fields of a dislocation at the lattice scales. RGFMD utilizes the quantum mechanical force density (QMFD) to represent atoms within the elastic media without,Quantum mechanical moduli field,2025,Acta Materialia,https://doi.org/10.1016/j.actamat.2025.120922,"To understand the role of defects in materials science, ranging from mechanical to physical properties, determining the spatial variation of elastic moduli is of paramount importance. Using electron wavefunctions, we derive novel expressions for local elastic moduli in the lattice scale, Quantum Mec",Inverse design of short-range order arrangement via neural network,2024,International Journal of Solids and Structures,https://doi.org/10.1016/j.ijsolstr.2024.113175,• Total energy calculation of atomic arrangement is accelerated by forward neural network modeling. • Inverse neural network allows for the direct design of atomic arrangement with a desired short-range order. • Atomic arrangements based on neural network accurately capture the local critical stress
42,1,Saeed Bozorgmehr Nia,Iowa State University,https://openalex.org/A5006794259,https://orcid.org/0000-0001-8543-979X,,5,92,14,Concrete and Cement Materials Research; Innovative concrete reinforcement materials; Innovations in Concrete and Construction Materials,sustainability,physics-informed; heat transfer; computational fluid dynamics; machine learning; predictive maintenance; robotics; thermal management; HVAC; RSM; alternative fuels; biofuels; spark ignition engine; engine emissions; surrogate model; multi-objective optimization; machine learning combustion; response surface methodology; data-driven optimization; digital twin; renewable energy systems,Carbon footprint reduction through repurposing solid wastes into sustainable construction materials: A state-of-the-art review,2025,Cleaner and Responsible Consumption,https://doi.org/10.1016/j.clrc.2025.100310,"The rapid expansion of civil infrastructures has improved the quality of life but has also resulted in a significant increase in industrial solid wastes (ISWs), posing serious sustainability challenges, particularly for waste disposal. To address the challenges, this study investigated the state of ",Investigations of portland limestone cement and waste glass powder for sustainable ultra-high performance concrete,2025,Case Studies in Construction Materials,https://doi.org/10.1016/j.cscm.2025.e04425,"This study investigated sustainable binder alternatives for ultra-high performance concrete (UHPC), addressing environmental concerns associated with the high cement content commonly used in UHPC mixtures. Specifically, the research focused on the potential of portland limestone cement (PLC) and was",Sustainability assessment of ultra-high performance concrete made with various supplementary cementitious materials,2025,Cleaner Materials,https://doi.org/10.1016/j.clema.2025.100301,"Ultra-high performance concrete (UHPC) is widely recognized for its exceptional strength and durability, making it a preferred choice in modern concrete construction. However, the high cement content of conventional UHPC mixtures causes environmental concerns, particularly in terms of carbon footpri"
43,1,Shady Gomaa,Northwestern University,https://openalex.org/A5053308598,https://orcid.org/0000-0003-0887-192X,,5,69,21,Innovative concrete reinforcement materials; Innovations in Concrete and Construction Materials; Concrete and Cement Materials Research,sustainability,physics-informed; heat transfer; computational fluid dynamics; machine learning; predictive maintenance; robotics; thermal management; HVAC; RSM; alternative fuels; biofuels; spark ignition engine; engine emissions; surrogate model; multi-objective optimization; machine learning combustion; response surface methodology; data-driven optimization; digital twin; renewable energy systems,Additive Manufacturing of Ultra-High-Performance Concrete: From Mechanical Characterization to Large-Scale Application,2025,,https://doi.org/10.5703/1288284318066,"In this work, extensive experimental investigations were conducted on 3D printable Ultra-High-Performance Concrete (UHPC) at multiple scales. Initially, nanomodification techniques were employed to transform the self-leveling nature of UHPC into a more viscous mix using nanomaterials such as nano cl",Computational Simulations Fresh-to-Solid Transition for Additive Manufacturing of Ultra-High-Performance Fiber Reinforced Concrete,2025,,https://doi.org/10.5703/1288284318065,Additive manufacturing of concrete is a topic of interest within the academia and industry. Simulating the printable concrete behavior from the fresh state to hardened state to long-term will provide the future engineers the ability to optimize the design and predict failure of structural elements. ,The Effect of Chopped Basalt Fiber on Lightweight Concrete’s Mechanical Behavior,2025,Journal of structural design and construction practice.,https://doi.org/10.1061/jsdccc.sceng-1803,"In modern construction, there is increasing demand for innovative materials that provide both structural integrity and sustainability. Lightweight aggregate concrete (LWAC) has emerged as a promising solution, offering the strength of traditional concrete with the benefits of reduced weight and enha"
44,1,Prapassorn Numkiatsakul,University of Illinois Urbana-Champaign,https://openalex.org/A5009392336,https://orcid.org/0009-0005-2847-4210,,5,66,13,Advanced Combustion Engine Technologies; Combustion and Detonation Processes; Concrete and Cement Materials Research,sustainability,physics-informed; heat transfer; computational fluid dynamics; machine learning; predictive maintenance; robotics; thermal management; HVAC; RSM; alternative fuels; biofuels; spark ignition engine; engine emissions; surrogate model; multi-objective optimization; machine learning combustion; response surface methodology; data-driven optimization; digital twin; renewable energy systems,Influence of operating conditions on the degradation of co-annular Si₃N₄-MoSi₂ glow plugs,2025,Journal of the European Ceramic Society,https://doi.org/10.1016/j.jeurceramsoc.2025.117919,"Silicon-nitride-based composites are widely used in ceramic heaters for combustion engines due to their high strength and wear resistance. Recent developments in engine designs, focusing on using alternative jet fuels with lower auto-ignition tendencies, have increased the demand for ignition-assist",Strength and thermal stability of enhanced metakaolin‐based geopolymer composites with sand and fibers,2025,International Journal of Applied Ceramic Technology,https://doi.org/10.1111/ijac.70040,"Abstract The growing demand for sustainable materials in construction and ceramics has driven interest in geopolymer technology as an eco‐friendly alternative to traditional cement‐based systems. Geopolymers, synthesized from aluminosilicate precursors like metakaolin, offer high mechanical performa",Valorization of Mine Tailings for Sustainable Geopolymer Production,2025,International Journal of Ceramic Engineering & Science,https://doi.org/10.1002/ces2.70014,ABSTRACT The sustainable production of geopolymers requires innovative approaches to raw material utilization. This study investigates the valorization of sulfidic coal mine tailings as a partial substitute for metakaolin in geopolymer synthesis. A comprehensive protocol involving mechanical grindin
45,1,Meghana Yeluri,Cleveland State University,https://openalex.org/A5049344997,https://orcid.org/0000-0002-1736-1668,,3,31,6,Concrete and Cement Materials Research; Innovative concrete reinforcement materials; Recycling and utilization of industrial and municipal waste in materials production,sustainability,physics-informed; heat transfer; computational fluid dynamics; machine learning; predictive maintenance; robotics; thermal management; HVAC; RSM; alternative fuels; biofuels; spark ignition engine; engine emissions; surrogate model; multi-objective optimization; machine learning combustion; response surface methodology; data-driven optimization; digital twin; renewable energy systems,"Mechanical, Durability, and Environmental Performance of Limestone Powder-Modified Ultra-High-Performance Concrete",2025,Construction Materials,https://doi.org/10.3390/constrmater5040090,Ultra-high-performance concrete (UHPC) delivers outstanding durability and strength but typically relies on high Portland cement content. This study evaluates a 20% cement replacement with limestone powder (LP) in UHPC and benchmarks performance under two curing regimes: moist curing (MC) and warm b,Investigating the Effects of Partial Fly Ash Replacement with Limestone Powder in Concrete,2025,Advances in Civil Engineering Materials,https://doi.org/10.1520/acem20240044,"ABSTRACT Fly ash has traditionally served as a supplementary cementitious material in the production of concrete, enhancing its mechanical and durability properties through pozzolanic activity. However, with the ongoing decommissioning of coal-fired power plants due to environmental concerns and the",Revolutionizing ultra-high performance concrete: Unleashing metakaolin and diatomaceous earth as sustainable fly ash alternatives,2025,Construction and Building Materials,https://doi.org/10.1016/j.conbuildmat.2024.139822,
